{
  "project_info": {
    "project_number": "1006431158439",
    "project_id": "brew-crew-45dde",
    "storage_bucket": "brew-crew-45dde.appspot.com"
  },
  "client": [
    {
      "client_info": {
        "mobilesdk_app_id": "1:1006431158439:android:eeafd185416387e3109b82",
        "android_client_info": {
          "package_name": "com.example.brewcrew"
        }
      },
      "oauth_client": [],
      "api_key": [
        {
          "current_key": "AIzaSyCOCsyJY2FCmWCCDpNbevLMhwjNflhdYmI"
        }
      ],
      "services": {
        "appinvite_service": {
          "other_platform_oauth_client": []
        }
      }
    }
  ],
  "configuration_version": "1"
}